--
-- PostgreSQL database dump
--

-- Dumped from database version 12.1 (Ubuntu 12.1-1.pgdg18.04+1)
-- Dumped by pg_dump version 12.1 (Ubuntu 12.1-1.pgdg18.04+1)

SET statement_timeout = 0;
SET lock_timeout = 0;
SET idle_in_transaction_session_timeout = 0;
SET client_encoding = 'UTF8';
SET standard_conforming_strings = on;
SELECT pg_catalog.set_config('search_path', '', false);
SET check_function_bodies = false;
SET xmloption = content;
SET client_min_messages = warning;
SET row_security = off;

SET default_tablespace = '';

SET default_table_access_method = heap;

--
-- Name: buyer; Type: TABLE; Schema: public; Owner: shopapi
--

CREATE TABLE public.buyer (
    id integer NOT NULL,
    name character varying NOT NULL,
    surname character varying NOT NULL
);


ALTER TABLE public.buyer OWNER TO shopapi;

--
-- Name: buyer_id_seq; Type: SEQUENCE; Schema: public; Owner: shopapi
--

CREATE SEQUENCE public.buyer_id_seq
    AS integer
    START WITH 1
    INCREMENT BY 1
    NO MINVALUE
    NO MAXVALUE
    CACHE 1;


ALTER TABLE public.buyer_id_seq OWNER TO shopapi;

--
-- Name: buyer_id_seq; Type: SEQUENCE OWNED BY; Schema: public; Owner: shopapi
--

ALTER SEQUENCE public.buyer_id_seq OWNED BY public.buyer.id;


--
-- Name: order; Type: TABLE; Schema: public; Owner: shopapi
--

CREATE TABLE public."order" (
    id integer NOT NULL,
    "buyerIdId" integer,
    "buyerId" integer,
    date character varying NOT NULL
);


ALTER TABLE public."order" OWNER TO shopapi;

--
-- Name: order_id_seq; Type: SEQUENCE; Schema: public; Owner: shopapi
--

CREATE SEQUENCE public.order_id_seq
    AS integer
    START WITH 1
    INCREMENT BY 1
    NO MINVALUE
    NO MAXVALUE
    CACHE 1;


ALTER TABLE public.order_id_seq OWNER TO shopapi;

--
-- Name: order_id_seq; Type: SEQUENCE OWNED BY; Schema: public; Owner: shopapi
--

ALTER SEQUENCE public.order_id_seq OWNED BY public."order".id;


--
-- Name: product; Type: TABLE; Schema: public; Owner: shopapi
--

CREATE TABLE public.product (
    id integer NOT NULL,
    title character varying NOT NULL,
    "orderIdId" integer,
    "orderId" integer
);


ALTER TABLE public.product OWNER TO shopapi;

--
-- Name: product_id_seq; Type: SEQUENCE; Schema: public; Owner: shopapi
--

CREATE SEQUENCE public.product_id_seq
    AS integer
    START WITH 1
    INCREMENT BY 1
    NO MINVALUE
    NO MAXVALUE
    CACHE 1;


ALTER TABLE public.product_id_seq OWNER TO shopapi;

--
-- Name: product_id_seq; Type: SEQUENCE OWNED BY; Schema: public; Owner: shopapi
--

ALTER SEQUENCE public.product_id_seq OWNED BY public.product.id;


--
-- Name: buyer id; Type: DEFAULT; Schema: public; Owner: shopapi
--

ALTER TABLE ONLY public.buyer ALTER COLUMN id SET DEFAULT nextval('public.buyer_id_seq'::regclass);


--
-- Name: order id; Type: DEFAULT; Schema: public; Owner: shopapi
--

ALTER TABLE ONLY public."order" ALTER COLUMN id SET DEFAULT nextval('public.order_id_seq'::regclass);


--
-- Name: product id; Type: DEFAULT; Schema: public; Owner: shopapi
--

ALTER TABLE ONLY public.product ALTER COLUMN id SET DEFAULT nextval('public.product_id_seq'::regclass);


--
-- Data for Name: buyer; Type: TABLE DATA; Schema: public; Owner: shopapi
--

COPY public.buyer (id, name, surname) FROM stdin;
1	Василий	Падерин
3	Василий	Панков
4	Юрий	Панков
5	Юрий	Падерин
6	Юлий	Цезарь
7	Александр	Македонский
8	Иван	Иванов
9	Владимир	Иванов
10	Владимир	Петров
11	Владимир	Мороз
\.


--
-- Data for Name: order; Type: TABLE DATA; Schema: public; Owner: shopapi
--

COPY public."order" (id, "buyerIdId", "buyerId", date) FROM stdin;
1	\N	\N	1
2	1	1	1580223919044
3	1	1	1580223929718
4	1	1	1580223935207
5	11	11	1580223969045
6	3	3	1580223982241
7	3	3	1580223988398
8	3	3	1580223991672
9	\N	\N	1580223995454
10	\N	\N	1580224000309
\.


--
-- Data for Name: product; Type: TABLE DATA; Schema: public; Owner: shopapi
--

COPY public.product (id, title, "orderIdId", "orderId") FROM stdin;
1	Холодильник	\N	\N
2	Холодильник	\N	\N
3	Холодильник	3	3
4	Тостер	2	2
5	Телевизор	4	4
7	Телевизор	5	5
8	Телевизор	5	5
9	Телевизор	5	5
10	Телевизор	5	5
\.


--
-- Name: buyer_id_seq; Type: SEQUENCE SET; Schema: public; Owner: shopapi
--

SELECT pg_catalog.setval('public.buyer_id_seq', 11, true);


--
-- Name: order_id_seq; Type: SEQUENCE SET; Schema: public; Owner: shopapi
--

SELECT pg_catalog.setval('public.order_id_seq', 10, true);


--
-- Name: product_id_seq; Type: SEQUENCE SET; Schema: public; Owner: shopapi
--

SELECT pg_catalog.setval('public.product_id_seq', 10, true);


--
-- Name: buyer PK_0480fc3c7289846a31b8e1bc503; Type: CONSTRAINT; Schema: public; Owner: shopapi
--

ALTER TABLE ONLY public.buyer
    ADD CONSTRAINT "PK_0480fc3c7289846a31b8e1bc503" PRIMARY KEY (id);


--
-- Name: order PK_1031171c13130102495201e3e20; Type: CONSTRAINT; Schema: public; Owner: shopapi
--

ALTER TABLE ONLY public."order"
    ADD CONSTRAINT "PK_1031171c13130102495201e3e20" PRIMARY KEY (id);


--
-- Name: product PK_bebc9158e480b949565b4dc7a82; Type: CONSTRAINT; Schema: public; Owner: shopapi
--

ALTER TABLE ONLY public.product
    ADD CONSTRAINT "PK_bebc9158e480b949565b4dc7a82" PRIMARY KEY (id);


--
-- Name: order FK_0bbd23f192d8a1d43ad8cdd24e0; Type: FK CONSTRAINT; Schema: public; Owner: shopapi
--

ALTER TABLE ONLY public."order"
    ADD CONSTRAINT "FK_0bbd23f192d8a1d43ad8cdd24e0" FOREIGN KEY ("buyerIdId") REFERENCES public.buyer(id);


--
-- Name: product FK_d9a27f8e64dfc0087af7d2f9ad7; Type: FK CONSTRAINT; Schema: public; Owner: shopapi
--

ALTER TABLE ONLY public.product
    ADD CONSTRAINT "FK_d9a27f8e64dfc0087af7d2f9ad7" FOREIGN KEY ("orderIdId") REFERENCES public."order"(id);


--
-- PostgreSQL database dump complete
--

